"watch",
"http://www.youtube.com/watch?v=kBO5dh9qrIQ",
"http://www.youtube.com/watch?v=pImoir9Yux4",
"http://www.youtube.com/watch?v=Qa-eXwKz4QA",
"http://www.youtube.com/watch?v=c26s1xQkCLY",
"http://www.youtube.com/watch?v=wVCBFKeuRwQ",
"http://www.youtube.com/watch?v=sjSG6z_13-Q",
"http://www.youtube.com/watch?v=GLrsciCZ_R0",
"http://www.youtube.com/watch?v=EEXZVZeF42w",
"http://www.youtube.com/watch?v=E1Bwpip4dhA",
"http://www.youtube.com/watch?v=_13Dhk3XnTI",
"http://www.youtube.com/watch?v=PLA2W4wJhpM&feature=player_embedded",
"http://www.youtube.com/watch?v=bx3KuE7UjGA",
"http://www.youtube.com/watch?v=v-55wC5dEnc&feature=player_embedded",
"http://www.youtube.com/watch?v=UOejUGb5QDU",
"http://www.youtube.com/watch?v=ZDD7Ohs5tAk",
"http://www.youtube.com/watch?v=X-0JS0s-DTo&feature=player_embedded",
"http://www.youtube.com/watch?v=ZRzQqLLhTWE",
"http://www.youtube.com/watch?v=q283s8vavRI",
"http://www.youtube.com/watch?v=5WCgX4VQp2o",
